SK_ID_CURR,TARGET,NAME_CONTRACT_TYPE,CODE_GENDER,AMT_INCOME_TOTAL,AMT_CREDIT,DAYS_BIRTH,PREV_AMT_APPLICATION_MEAN,PREV_AMT_CREDIT_MEAN,NUM_PREV_LOANS,HAS_PREV_LOANS
100002,1,Cash loans,M,202500,406597.5,-9461,179055,179055,1,1
100003,0,Cash loans,F,270000,1293502.5,-16765,551577.375,622113.75,1.5,1
100004,0,Revolving loans,M,67500,135000,-19046,24282,20106,1,1
100006,0,Cash loans,F,135000,312682.5,-19005,345339.945,369047.25,2.25,1
100007,0,Cash loans,M,121500,513000,-19932,177853.5,197845.5,2,1
100008,0,Cash loans,M,99000,490495.5,-16941,158288.0625,162704.25,2.5,1
100009,0,Cash loans,F,171000,1560726,-13778,81467.4375,75573.1875,1.75,1
100010,0,Cash loans,M,360000,1530000,-18850,247212,260811,1,1
100011,0,Cash loans,F,112500,1019610,-20099,157810.5,196968,1.333333333,1
100012,0,Revolving loans,M,135000,405000,-14469,43740,53362.5,1.333333333,1
100014,0,Cash loans,F,112500,652500,-10197,96536.25,102834,2,1
100015,0,Cash loans,F,38419.155,148365,-20417,68850,67077,1,1
100016,0,Cash loans,F,67500,80865,-13439,136724.25,116581.5,1.333333333,1
100017,0,Cash loans,M,225000,918468,-14086,176665.5,175565.25,1,1
100018,0,Cash loans,F,189000,773680.5,-14583,215078.9775,209391.7275,2,1
100019,0,Cash loans,M,157500,299772,-8728,84136.5,104683.5,1,1
100020,0,Cash loans,M,108000,509602.5,-12931,39206.25,41706,2,1
100021,0,Revolving loans,F,81000,270000,-9776,40961.25,153615.75,2,1
100022,0,Revolving loans,F,112500,157500,-17718,89091,103203,1,1
100023,0,Cash loans,F,90000,544491,-11348,88545,98702.25,1.333333333,1
100024,0,Revolving loans,M,135000,427500,-18252,0,0,0,1
100025,0,Cash loans,F,202500,1132573.5,-14815,260007.5213,301441.4588,2,1
100026,0,Cash loans,F,450000,497520,-11146,201836.25,219210.75,1.5,1
100027,0,Cash loans,F,83250,239850,-24827,142830.75,151841.25,1.333333333,1
100029,0,Cash loans,M,135000,247500,-11286,126000,126000,1,1
100030,0,Cash loans,F,90000,225000,-19334,30474.76875,28890.39375,3,1
100031,1,Cash loans,F,112500,979992,-18724,0,0,0,1
100032,0,Cash loans,M,112500,327024,-15948,69255,42255,1,1
100033,0,Cash loans,M,270000,790830,-9994,53599.5,53329.5,1,1
100034,0,Revolving loans,M,90000,180000,-10341,107977.5,112527,1,1
100035,0,Cash loans,F,292500,665892,-15280,165750.7031,170287.2656,5.5,1
100036,0,Cash loans,F,112500,512064,-11144,82107.625,85235.625,2.666666667,1
100037,0,Cash loans,F,90000,199008,-12974,125059.5,134200.6875,1.25,1
100039,0,Cash loans,M,360000,733315.5,-11694,239598.6825,263190.75,2,1
100040,0,Cash loans,F,135000,1125000,-15997,367200,367200,1,1
100041,0,Cash loans,F,112500,450000,-12158,37001.25,40281.75,1,1
100043,0,Cash loans,F,198000,641173.5,-17199,983351.25,1012778.775,2.25,1
100044,0,Cash loans,M,121500,454500,-21077,323475,333306.75,1.333333333,1
100045,0,Cash loans,F,99000,247275,-23920,237824.25,256481.25,2,1
100046,0,Revolving loans,M,180000,540000,-16126,393750,481817.25,1,1
100047,1,Cash loans,M,202500,1193580,-17482,255088.125,334929.9375,3,1
100048,0,Cash loans,F,202500,604152,-16971,399000,431201.25,1.333333333,1
100049,1,Cash loans,F,135000,288873,-13384,36065.25,48877.875,1.25,1
100050,0,Cash loans,F,108000,746280,-23548,121799.25,121799.25,1.5,1
100051,0,Cash loans,M,202500,661702.5,-9827,45540,50689.5,1,1
100052,0,Revolving loans,F,90000,180000,-7974,23667.75,25944.75,2,1
100053,0,Cash loans,F,202500,305221.5,-20373,40000,110532,1.666666667,1
100054,0,Cash loans,F,99000,260640,-20121,88822.5,83061.75,1.666666667,1
100055,0,Cash loans,F,130500,1350000,-19727,73264.5,73975.5,1,1
100056,0,Cash loans,M,360000,1506816,-18264,292230,339007.5,1.5,1
100058,0,Revolving loans,F,54000,135000,-12406,0,0,0,1
100059,0,Cash loans,M,540000,675000,-18632,207789.7763,236203.4813,4.5,1
100060,0,Cash loans,M,76500,454500,-12282,180000,180000,1,1
100061,0,Cash loans,F,225000,314055,-10473,304620.5,326608,2,1
100062,0,Cash loans,M,81000,675000,-18611,490125,494765.5,3.333333333,1
100063,0,Cash loans,F,180000,837427.5,-12955,140718.375,163942.9875,2.25,1
100064,0,Cash loans,F,67500,298728,-21621,47607.48,47605.5,1,1
100068,0,Revolving loans,M,81000,247500,-18248,82152,81742.5,1,1
100069,0,Cash loans,M,360000,640458,-14186,143466.8625,139261.75,2.333333333,1
100070,0,Cash loans,M,540000,1227901.5,-20544,149765.445,133715.25,2,1
100071,0,Cash loans,F,180000,1663987.5,-20121,408946.5,420707.25,1,1
100072,0,Cash loans,M,180000,1080000,-7907,200624.625,195275.625,3.333333333,1
100073,0,Cash loans,M,324000,1130760,-22843,319473,327809.375,3,1
100075,0,Cash loans,F,112500,95940,-12240,107685,122695.2,2.333333333,1
100076,0,Cash loans,M,180000,315000,-13866,0,0,0,1
100077,0,Cash loans,M,180000,1256400,-12049,36460.425,40477.36875,6.5,1
100078,0,Cash loans,F,180000,1035000,-19550,374625,395316,2.75,1
100079,0,Revolving loans,M,225000,270000,-15359,82402.5,77365.5,3,1
100080,0,Revolving loans,F,157500,450000,-11956,206716.5,233542.35,3.5,1
100081,0,Cash loans,M,180000,450000,-10848,46755,45544.5,1,1
100082,0,Cash loans,M,180000,450000,-12009,561821.4857,589101.6571,5,1
100083,0,Cash loans,M,103500,573628.5,-15406,68560.5,104206.5,1,1
100084,0,Cash loans,M,225000,495351,-14860,117613.125,139784.625,1.75,1
100085,0,Cash loans,M,157500,755190,-11187,52891.875,54545.625,1.5,1
100086,0,Cash loans,F,135000,675000,-14264,51727.23,88987.23,2.333333333,1
100087,0,Cash loans,F,202500,1288350,-17542,110900.25,107287.875,1.25,1
100088,0,Revolving loans,F,112500,135000,-19467,346950,376677,1,1
100089,0,Cash loans,M,135000,337761,-9666,151050,170691.75,1.333333333,1
100093,0,Cash loans,F,94500,585000,-18253,181213.0313,202226.9063,2.5,1
100094,0,Cash loans,F,108000,113760,-22935,87205.5,69763.5,1,1
100095,0,Revolving loans,F,67500,135000,-18693,37300.5,37300.5,1.5,1
100096,1,Cash loans,F,81000,252000,-24794,0,0,0,1
100097,0,Cash loans,M,157500,760225.5,-17527,87727.5,84354.75,1,1
100098,0,Revolving loans,M,225000,270000,-17390,63353,83492,2.333333333,1
100099,0,Cash loans,F,360000,733315.5,-23032,678828.4463,730688.25,3,1
100100,0,Cash loans,M,202500,796396.5,-15909,109524.5,141242,1.666666667,1
100101,0,Cash loans,F,202500,343377,-18138,229024,234992.5,1.666666667,1
100102,0,Cash loans,F,126000,327024,-14321,0,0,0,1
100103,0,Cash loans,F,72000,450000,-21112,112792.5,115200,2,1
100104,0,Cash loans,F,90000,547344,-18556,29506.5,26554.5,1,1
100105,0,Cash loans,F,193500,225000,-19810,108907.7625,105055.7625,3.5,1
100108,0,Cash loans,F,171000,545040,-12780,125955,122895,1,1
100110,0,Cash loans,M,135000,373140,-10744,68442.75,76599,2,1
100111,0,Cash loans,F,112500,862560,-10485,90984.6825,91563.75,3,1
100112,1,Cash loans,M,315000,953460,-10199,52826.25,137059.5,2,1
100113,0,Cash loans,M,76500,135000,-15137,64701.75,64746.75,2,1
100114,0,Cash loans,F,135000,284400,-10734,62842.5,67101.75,1,1
100115,0,Cash loans,F,90000,315000,-15371,49717.5,50565,1.333333333,1
100116,0,Cash loans,F,243000,900000,-14751,251931.45,311480.175,3.75,1
100118,0,Cash loans,F,90000,675000,-22471,181172.7,169998.75,1,1
100119,0,Revolving loans,F,54000,180000,-11142,34020,36715.5,1,1
100120,0,Cash loans,F,135000,781920,-9650,0,0,1,1
100121,0,Cash loans,M,126000,787131,-16798,34705.485,37009.5,1,1
100122,0,Cash loans,F,76500,808650,-10954,1260000,1376668.5,1.333333333,1
100123,0,Cash loans,F,103500,675000,-23719,226647.75,251298,2,1
100124,0,Cash loans,M,225000,448272,-24051,104124.3214,118864.4732,3.25,1
100125,0,Cash loans,F,126000,263686.5,-21613,158996.82,156969,3,1
100126,0,Revolving loans,M,135000,180000,-12900,180002.25,170624.25,1,1
100127,0,Cash loans,M,112500,52128,-21341,29205,176124.375,1.5,1
100129,0,Revolving loans,F,85500,135000,-9415,0,0,0,1
100130,1,Cash loans,F,157500,723996,-10526,104991.75,114842.25,1,1
100131,0,Cash loans,F,270000,891072,-13830,112500,442028.25,2,1
100132,0,Cash loans,F,202500,1136439,-23656,265531.5,283563,1,1
100133,0,Cash loans,F,67500,384048,-9207,48301.5,57214.5,1,1
100134,0,Revolving loans,F,202500,180000,-10085,0,0,0,1
100135,0,Cash loans,M,135000,391194,-19829,187589.625,236492.7188,3,1
100136,0,Cash loans,M,157500,1571931,-15949,632247.75,666895.5,1,1
100137,0,Cash loans,F,225000,891072,-20284,372543.75,409535.625,2.75,1
100138,0,Cash loans,M,135000,824823,-14339,76943.25,81733.5,2,1
100139,0,Cash loans,F,157500,302341.5,-13286,57183.28571,67876.85714,3.666666667,1
100140,0,Revolving loans,F,157500,675000,-9223,0,0,0,1
100142,0,Cash loans,M,360000,579195,-13379,295417.5,326616,3,1
100143,0,Revolving loans,M,162000,270000,-22881,196852.5,212234.625,1.5,1
100144,0,Cash loans,F,112500,535500,-16759,28237.5,53547.9,2.75,1
100145,0,Cash loans,F,202500,260725.5,-16282,276140.3625,311580.5625,1.5,1
100146,0,Cash loans,M,117000,327024,-22959,197361,239697,1,1
100147,0,Cash loans,F,135000,518562,-16142,279306.75,296434.3125,2.25,1
100148,0,Cash loans,F,247500,755190,-16340,368167.5,432079.875,1.5,1
100149,0,Cash loans,M,171000,539590.5,-9203,55741.5,61627.5,1,1
100151,0,Cash loans,M,135000,182016,-16522,195000,198358.5,3,1
100152,0,Cash loans,F,157500,254412,-16083,327615.2813,415910.5313,2.75,1
100153,0,Cash loans,M,202500,1107981,-18413,206602.25,239447.25,2.333333333,1
100154,0,Revolving loans,M,144000,180000,-12157,107374.5,106863.75,2,1
100155,0,Cash loans,M,157500,675000,-11944,94770,94770,1,1
100156,0,Cash loans,F,157500,945000,-14235,39280.8375,37787.9625,1.5,1
100157,0,Cash loans,M,180000,1755000,-16086,40485.5,182974.5,1.666666667,1
100158,0,Cash loans,M,180000,590337,-12348,91654.5,98587.5,1,1
100159,0,Cash loans,F,225000,1515415.5,-14645,102198,107200.5,1,1
100160,1,Cash loans,M,292500,675000,-16667,150264,150264,1,1
100161,0,Cash loans,F,90000,370629,-16219,65925,69408,1,1
100162,0,Cash loans,F,112500,547344,-21061,347535,370481.625,3,1
100163,0,Cash loans,F,130500,550489.5,-19718,242226,241596,1,1
100164,0,Cash loans,F,450000,407434.5,-16097,244061.5,251711,2.333333333,1
100165,0,Cash loans,F,175500,1293502.5,-21961,271478.8125,298749.9375,2.5,1
100166,0,Cash loans,F,58500,152820,-14359,51927.1875,53290.6875,1.75,1
100167,0,Cash loans,F,180000,427500,-15127,165203.9696,177537.2625,2.5,1
100173,0,Cash loans,F,117000,781920,-11633,27146.25,46191.375,1.5,1
100174,0,Revolving loans,F,180000,225000,-14597,138483,96934.5,1,1
100175,0,Cash loans,F,202500,1251072,-16296,31005,25929,1,1
100176,0,Cash loans,F,135000,1078200,-17682,125977.5,123504.75,1,1
100177,0,Cash loans,M,112500,312682.5,-14311,206622,247927.5,1,1
100178,0,Cash loans,F,119250,679500,-19286,319750,320014.5,1.666666667,1
100179,0,Cash loans,F,202500,675000,-11375,237998.5,245889.5,1.666666667,1
100180,0,Cash loans,F,315000,1288350,-15581,285315,346491.75,2,1
100181,1,Cash loans,F,157500,245619,-17538,51390,99945.75,2.25,1
100182,0,Revolving loans,F,112500,135000,-13558,43984.5,59661,1.333333333,1
100183,0,Cash loans,F,103500,239850,-24729,34470,33025.5,1,1
100185,0,Cash loans,M,58500,187704,-20215,251997,262235.625,4.5,1
100186,0,Cash loans,F,117000,269550,-21861,63720,60828.75,1,1
100188,0,Cash loans,F,225000,1325475,-15323,537300,553353.75,1.5,1
100189,0,Cash loans,F,135000,263844,-16807,355500,362928,2,1
100190,0,Cash loans,M,162000,263686.5,-13972,148125,209067.9375,2.75,1
100191,0,Cash loans,F,112500,544491,-21819,90336,91429.5,1.333333333,1
100192,1,Cash loans,F,111915,225000,-7989,0,0,0,1
100193,0,Cash loans,F,225000,296280,-17879,46816.875,49508.775,3.666666667,1
100194,0,Revolving loans,F,157500,315000,-12805,151447.5,166316.25,1.666666667,1
100195,0,Cash loans,M,90000,336150,-10887,0,0,0,1
100196,0,Cash loans,F,164250,755190,-11568,64342.425,66789.45,2.666666667,1
100197,0,Cash loans,F,157500,497520,-12019,322054.35,361925.475,3.666666667,1
100198,0,Cash loans,M,135000,531000,-13116,35762.25,36067.125,2.333333333,1
100199,0,Cash loans,F,112500,269550,-20858,163278,177286.5,1,1
100200,0,Cash loans,F,216000,450000,-16891,106796.25,107195.625,1.25,1
100201,0,Cash loans,F,180000,675000,-12147,78834.40313,84349.125,4.25,1
100202,0,Cash loans,F,67500,127350,-22994,19462.5,20006.25,2,1
100203,0,Cash loans,F,54000,119925,-25104,0,0,0,1
100204,0,Cash loans,F,81000,532494,-19525,144868.5,141853.5,1,1
100205,0,Cash loans,F,63000,808650,-18302,142650,154105.5,1,1
100206,0,Cash loans,M,157500,318528,-12027,208573.7063,211521.3188,3,1
100207,0,Cash loans,F,157500,700830,-16518,45000,45000,1,1
100208,0,Cash loans,M,180000,888840,-12648,146246.625,146246.625,4,1
100209,1,Revolving loans,M,180000,540000,-15326,52065,47792.25,1.5,1
100210,0,Cash loans,F,202500,771493.5,-16475,31708.5,33631.5,1,1
100211,0,Cash loans,M,225000,746280,-14033,153648,170959.5,1.5,1
100213,0,Cash loans,F,49500,278460,-13873,45000,45000,1,1
100214,1,Cash loans,F,202500,436032,-10127,81547.65,84440.4,1.333333333,1
100215,0,Cash loans,F,90000,227520,-21703,102474,106774.875,1.25,1
100216,0,Cash loans,F,90000,67500,-19785,101137.5,101137.5,1,1
100217,0,Cash loans,F,180000,254700,-13620,179374.125,253200.75,2,1
100218,0,Cash loans,M,337500,876078,-13210,128637.75,127773.75,2,1
100219,0,Cash loans,M,315000,2250000,-11177,90000,90000,2,1
100220,0,Cash loans,F,225000,1040985,-14823,99417,119586,2,1
100221,0,Cash loans,F,225000,684054,-23656,204484.5357,207951.7857,4.666666667,1
100224,0,Cash loans,F,225000,1256400,-14091,76663.5,75502.5,1,1
100225,0,Cash loans,M,157500,720000,-14144,58497,58695.375,2.5,1
100226,0,Revolving loans,F,112500,270000,-13584,156314.25,153257.25,1.333333333,1
100227,0,Cash loans,M,292500,1024740,-10010,60951,59172,2,1
100228,0,Cash loans,F,121500,1102500,-13957,30000,33529.5,1.333333333,1
100229,0,Cash loans,F,157500,544491,-17947,30436.5,29634,1.333333333,1
100230,0,Revolving loans,F,135000,405000,-19070,82678.5,82278,2.333333333,1
100231,0,Cash loans,M,108000,912240,-17850,110584.125,111017.25,1.25,1
100233,0,Cash loans,F,216000,679671,-18341,148640.5313,164261.7188,2.75,1
100234,0,Revolving loans,F,67500,180000,-16614,111465,135004.5,1,1
100235,0,Cash loans,F,135000,364896,-15887,129937.5,164183.9063,3.5,1
100236,0,Cash loans,M,112500,312768,-23187,0,0,0,1
100237,0,Cash loans,F,144000,1288350,-13803,127170,46971,1,1
100238,0,Cash loans,M,135000,781920,-12994,51987.825,45778.5,1.5,1
100239,0,Cash loans,F,225000,1483231.5,-20191,84290.17857,123641.0357,4.666666667,1
100240,0,Cash loans,M,135000,590337,-11978,142402.5,159600.375,2.333333333,1
100242,0,Cash loans,M,90000,101880,-20945,34110.9,33736.5,1,1
100243,0,Cash loans,M,112500,161730,-9720,69742.96875,92899.125,3.25,1
100244,0,Cash loans,M,247500,447768,-17103,169650,212454,1,1
100246,1,Cash loans,F,135000,495216,-12824,33960,38230.5,1,1
100247,0,Cash loans,F,225000,402939,-19914,388648.4063,432027.8438,2.5,1
100248,0,Cash loans,F,90000,808650,-22389,143595,161417.25,1,1
100249,0,Cash loans,F,67500,76410,-15293,27724.1175,27616.1175,1,1
100250,0,Cash loans,F,72000,90000,-11259,58799.2,67518.55,3.333333333,1
100251,0,Cash loans,M,202500,270000,-19530,29191.5,32080.5,1,1
100252,0,Cash loans,F,225000,490495.5,-17715,68440.5,76725,1,1
100254,0,Cash loans,M,292500,1078200,-21646,67500,80251.875,1.5,1
100255,0,Cash loans,M,315000,824544,-15377,259995,245036.25,1.333333333,1
100257,0,Cash loans,F,90000,312768,-23090,97907.625,104339.25,1.5,1
100258,0,Cash loans,F,135000,81000,-16273,105844.5,112995,1,1
100259,0,Cash loans,M,180000,427500,-20672,171600,314801.25,2,1
100260,0,Cash loans,M,180000,180000,-10038,31101.75,50851.6875,1.5,1
100261,0,Cash loans,F,90000,522000,-14974,97279.125,172035.9375,2.75,1
100262,0,Cash loans,M,315000,1575000,-13640,187375.5,203438.25,1,1
100263,0,Cash loans,F,108000,585000,-23456,76338,72463.5,1,1
100264,0,Cash loans,F,121500,1215000,-23037,85509,84573,1,1
100265,0,Cash loans,F,112500,723996,-8302,34555.5,33835.5,1,1
100266,0,Cash loans,F,157500,1256400,-18810,171371.25,317244,1.333333333,1
100267,0,Cash loans,M,225000,675000,-13685,105000,105000,1,1
100268,0,Cash loans,F,85500,225000,-10571,34214.625,37118.25,2,1
100269,0,Cash loans,M,180000,427450.5,-11180,108000,129384,2,1
100270,0,Revolving loans,F,90000,337500,-21497,148214.6419,147640.2356,4,1
100272,0,Revolving loans,F,135000,180000,-9135,40850.2125,45396,1.666666667,1
100273,1,Cash loans,F,157500,1710000,-23127,309500,353036.5,3.333333333,1
100274,0,Cash loans,M,308250,1305000,-15612,563343.75,689026.5,1,1
100275,0,Cash loans,F,108000,646920,-23650,185806.5,189199.5,2,1
100276,0,Cash loans,F,135000,497520,-12246,173200.5,216740.25,1,1
100277,0,Cash loans,M,67500,364896,-21812,91800,82620,1,1
100279,0,Cash loans,M,180000,254700,-23946,126825.75,141407.625,2.75,1
100281,0,Cash loans,F,112500,675000,-17957,127642.5,141727.5,2,1
100282,1,Revolving loans,F,73341,135000,-9157,0,0,0,1
100283,0,Cash loans,F,135000,747000,-12585,59049,53037,1,1
100284,0,Cash loans,M,180000,675000,-14445,75670.875,189375.75,1,1
100285,0,Revolving loans,F,112500,180000,-10755,96144.3,96317.55,1,1
100286,1,Cash loans,M,121500,263686.5,-17847,47385,52389,1,1
100287,0,Cash loans,F,202500,225000,-24891,98175,95857.5,1.666666667,1
100288,0,Cash loans,F,157500,450000,-9907,125045.25,93895.5,2,1
100289,0,Cash loans,M,202500,526491,-14811,99172.5,95188.5,2,1
100290,0,Cash loans,M,135000,224136,-14726,226984.707,299234.1094,5.75,1
100291,0,Cash loans,F,153000,292500,-11881,55153.125,64236.375,1.5,1
100292,0,Cash loans,F,202500,675000,-21185,384801.75,426319.875,1.5,1
100293,0,Cash loans,F,202500,1271281.5,-14247,777735,778780.5,1.333333333,1
100294,0,Cash loans,F,157500,835380,-20984,53328.75,60744,2,1
100295,1,Cash loans,M,225000,1019205,-11356,0,0,0,1
100296,0,Cash loans,M,225000,223884,-17186,124795.5,139692,1.333333333,1
100297,0,Cash loans,M,135000,334152,-10427,70643.25,69013.5,1.666666667,1
100298,0,Cash loans,F,270000,473760,-16223,209874.375,327150.5625,3,1
100299,0,Revolving loans,F,112500,540000,-19045,238399,359839,2,1
100300,1,Cash loans,M,63000,426645,-12209,72605.25,75465,2,1
100301,1,Cash loans,M,112500,571486.5,-8292,127892.541,155999.4,2.333333333,1
100302,0,Cash loans,F,180000,187704,-9105,99417.375,105320.8125,3.75,1
100303,0,Cash loans,F,292500,254700,-24006,168968.1165,183385.4165,5.666666667,1
100304,0,Revolving loans,F,225000,675000,-22794,118633.5,118633.5,1,1
100305,0,Cash loans,M,135000,237024,-9011,109710,115501.5,1,1
100307,0,Cash loans,M,225000,451804.5,-16546,216326.2098,226786.7009,3.5,1
100308,0,Cash loans,M,157500,208512,-14534,95774.625,95764.5,2.5,1
100309,0,Cash loans,F,157500,263686.5,-16098,74736,80253,1,1
100310,0,Cash loans,M,180000,1071000,-14659,112269.25,104161.75,2,1
100313,0,Cash loans,F,87750,1206954,-22510,32685.3,28906.5,1,1
100314,0,Cash loans,M,292500,239850,-10788,158017.5,163097.25,2,1
100315,0,Cash loans,F,121500,288873,-10203,54095.11875,54267.24375,1.25,1
100316,0,Cash loans,F,67500,622413,-15076,12352.5,45416.25,1,1
100317,0,Cash loans,F,180000,630000,-17013,113456.25,138029.3156,6,1
100318,0,Cash loans,F,90000,381528,-9627,0,0,0,1
100319,0,Cash loans,F,135000,781920,-11631,35451,33484.5,1,1
100320,0,Cash loans,M,225000,481855.5,-11996,528518.1825,569109.75,1.666666667,1
100321,0,Cash loans,M,270000,521280,-13534,86197.875,91604.4375,1.75,1
100322,0,Cash loans,M,225000,254700,-19297,164221.0875,155323.125,1.5,1
100323,0,Cash loans,M,450000,1575000,-18213,67437,73372.5,1,1
100324,0,Cash loans,F,112500,152820,-10471,121617.5625,134401.5,1.25,1
100325,0,Cash loans,F,135000,640080,-20385,426498.75,482857.6875,2,1
100326,1,Cash loans,M,36000,284400,-22078,98775,76275,1,1
100327,0,Cash loans,M,180000,407727,-20317,279616.5,312907.25,3.666666667,1
100328,0,Cash loans,F,171000,1270746,-15864,190714.5,207177.75,2,1
100329,0,Cash loans,F,135000,247275,-19997,63832.5,100818,1,1
100332,0,Cash loans,F,157500,545040,-23444,170977.5,107977.5,1,1
100333,0,Cash loans,F,382500,450000,-10442,110368,127293,2.333333333,1
100334,0,Cash loans,M,90000,101880,-18665,135000,143910,1,1
100335,0,Cash loans,F,63000,675000,-23420,65614.5,66402,1,1
100336,1,Cash loans,F,157500,497520,-13989,117528.75,117528.75,1,1
100337,0,Cash loans,F,270000,545040,-9324,104378.4,95377.5,1,1
100338,0,Cash loans,F,270000,630000,-21292,389115.525,420825.75,3.5,1
100339,0,Revolving loans,M,166500,495000,-21535,160312.5,198615.375,2.5,1
100340,0,Cash loans,F,202500,787131,-13080,315000,400045.5,1,1
100341,0,Cash loans,M,76500,545040,-20348,65940.75,66170.25,2,1
100342,0,Cash loans,M,90000,101880,-8400,150025.5,150025.5,1,1
100343,0,Cash loans,M,315000,90000,-10935,266055,295775.25,3.5,1
100344,0,Cash loans,M,112500,225000,-11287,68435,67608,2,1
100345,0,Cash loans,F,157500,450000,-21154,429675,467397,2.333333333,1
100346,0,Cash loans,F,180000,582804,-17674,63750,148045.75,2,1
100347,0,Cash loans,F,81000,640080,-21419,117674.25,193758,2,1
100348,0,Cash loans,F,135000,1223010,-10390,0,0,0,1
100349,0,Cash loans,F,108000,364896,-23338,59436,66757.5,1,1
100350,0,Cash loans,F,112500,481495.5,-22759,282295.5,321173.775,3.333333333,1
100351,0,Cash loans,F,69750,675000,-22606,100036.125,168093,4,1
100353,0,Cash loans,F,81000,536917.5,-17941,16598.25,18058.5,1,1
100354,0,Revolving loans,F,112500,135000,-9259,150181.5,160776,1.333333333,1
100355,0,Cash loans,M,315000,946503,-9178,221193,225899.25,1.666666667,1
100356,0,Cash loans,F,180000,188685,-21140,118389,127231.5,1,1
100357,0,Revolving loans,F,225000,180000,-9166,134950.5,127867.5,1,1
100359,0,Cash loans,M,112500,226908,-14923,32757.75,31875.75,1,1
100360,0,Revolving loans,F,67500,202500,-19676,69750,75825,1.5,1
100361,0,Cash loans,M,270000,1800000,-17099,112500,123637.5,1,1
100362,0,Cash loans,F,157500,807984,-17438,272161.125,279648.225,2,1
100363,0,Cash loans,F,360000,493497,-14882,114927.75,123860.25,2,1
100364,0,Cash loans,F,315000,1024290,-17498,98136,115184.25,2.5,1
100365,0,Cash loans,F,247500,517788,-20435,409903.875,461874.375,1.75,1
100366,0,Revolving loans,M,765000,1350000,-11788,0,0,0,1
100368,0,Cash loans,F,166500,675000,-11285,0,37500,1.333333333,1
100369,0,Cash loans,F,157500,528633,-19323,182290.5,184411,1.666666667,1
100370,0,Cash loans,F,45000,448056,-23195,90937.3,101522.25,3.333333333,1
100371,0,Cash loans,F,450000,808650,-14768,117127.6875,125550,1.5,1
100372,0,Cash loans,F,90000,531000,-21909,84555,79866,1,1
100373,0,Cash loans,F,225000,906228,-15013,115695,115119,1,1
100374,0,Cash loans,F,112500,1308964.5,-14975,126578.25,147915,2,1
100375,0,Cash loans,M,180000,942300,-21552,76005,92056.5,1,1
100376,0,Cash loans,M,360000,254700,-18831,337500,384277.5,1,1
100377,0,Cash loans,M,157500,239850,-14252,123527.25,135931.5,1.5,1
100378,0,Cash loans,F,247500,808650,-15017,211247.61,213875.25,3,1
100379,0,Cash loans,M,112500,942300,-19003,56608,50854.25,2,1
100380,0,Cash loans,F,630000,900000,-15023,62955,65020.5,1,1
100381,0,Cash loans,F,121500,302544,-11223,101247.75,114489,1,1
100383,0,Cash loans,M,180000,640080,-13754,64755.9604,70600.32201,6.75,1
100387,0,Cash loans,M,292500,1095817.5,-13299,215865,221884.5,2.333333333,1
100388,0,Cash loans,F,99000,518562,-18929,42440.25,41575.5,1.666666667,1
100389,0,Cash loans,M,247500,1971072,-14216,95053.5,87527.25,1,1
100390,0,Cash loans,F,90000,555273,-11799,0,0,0,1
100391,0,Cash loans,F,153000,808650,-18315,30240,28854,1,1
100392,0,Revolving loans,M,180000,180000,-12325,58320,62095.5,1,1
100393,0,Cash loans,M,405000,2250000,-14966,225000,694602,1.5,1
100394,0,Cash loans,M,112500,178290,-23721,77145,81561.48214,4,1
100395,0,Cash loans,M,225000,888840,-16719,61992,64397.25,2,1
100396,1,Cash loans,M,112500,417024,-13707,17055,16402.5,1,1
100397,0,Cash loans,F,144000,1417185,-22767,1395000,1512879.75,1,1
100398,0,Cash loans,F,81000,180000,-20010,25873.125,43594.125,2,1
100400,0,Cash loans,F,270000,536917.5,-23187,179823,195949.5,1,1
100401,1,Cash loans,F,202500,343683,-20200,15284.25,14096.25,1,1
100402,0,Cash loans,F,81000,276277.5,-19780,45000,52366.5,1,1
100403,0,Cash loans,M,315000,1350000,-10615,173343,173343,1.333333333,1
100405,0,Cash loans,M,180000,450000,-8598,78146.25,73421.25,1.666666667,1
100406,0,Cash loans,F,135000,468648,-20846,215594.0625,239363.625,4,1
100407,0,Cash loans,F,157500,521280,-11582,150412.5,149440.5,1,1
100408,0,Cash loans,F,81000,454500,-15781,56260.5,56199,1,1
100409,0,Cash loans,M,112500,454500,-10547,44812.5,43020,1.333333333,1
100410,0,Cash loans,F,180000,1258650,-14239,382497.1875,429955.0313,2.75,1
100411,0,Cash loans,M,450000,1035832.5,-19410,98766,104643,1,1
100412,0,Cash loans,F,135000,318528,-11039,55338,60390,1.333333333,1
100413,0,Cash loans,M,90000,90000,-22768,57026.25,53663.625,1.5,1
100414,0,Cash loans,F,112500,533304,-12360,21411.876,30186.726,2.666666667,1
100415,0,Cash loans,F,112500,792162,-13552,127993.5,89842.5,1,1
100417,0,Cash loans,F,180000,755190,-16129,23205,50995.5,3,1
100418,0,Cash loans,F,135000,521280,-13284,42607.5,68313,1,1
100419,0,Cash loans,F,112500,454500,-20434,30656.25,30318.75,1,1
100420,0,Cash loans,F,54000,91692,-14283,35455.5,35068.5,1,1
100421,0,Cash loans,M,450000,900000,-19082,150997.6013,152923.5,1.5,1
100423,0,Cash loans,F,472500,1327648.5,-16376,423750,481071,2.333333333,1
100424,1,Cash loans,M,112500,117162,-18302,45663.3,50872.5,1,1
100425,0,Cash loans,F,90000,688500,-12982,50930,55562,1.666666667,1
100427,0,Cash loans,F,67500,450000,-13455,20205,21537,1,1
100428,0,Cash loans,F,90000,1224990,-19998,81214.875,80361,2,1
100429,0,Cash loans,M,180000,629325,-15438,52005.162,57584.262,2.333333333,1
100430,0,Cash loans,F,90000,157914,-8650,63916.3125,71003.25,4,1
100431,0,Cash loans,F,157500,1724220,-19642,390931.125,437829.9375,3.5,1
100432,0,Cash loans,F,90000,495000,-10347,17955,20088,1,1
100433,0,Cash loans,F,157500,472500,-16048,134967.75,156336.75,1.333333333,1
100434,0,Cash loans,F,202500,280170,-17860,96277.5,232141.5,2,1
100435,0,Cash loans,F,112500,450000,-16462,89021.25,87591.375,1.5,1
100436,0,Revolving loans,F,112500,405000,-19345,365249.5,453886.5,2,1
100437,0,Cash loans,F,67500,817560,-21401,113672.25,69408,2.75,1
100439,1,Cash loans,M,81000,312840,-8038,22311,21669.75,1,1
100440,0,Cash loans,F,40500,127350,-23903,157540,175651,1.666666667,1
100441,0,Cash loans,F,135000,269550,-20171,63375,67753.3125,2.5,1
100442,0,Cash loans,F,148500,805536,-18715,262600.875,295210.125,2,1
100443,0,Cash loans,F,144000,456273,-23054,180562.5,193050,1.5,1
100448,0,Cash loans,F,202500,598486.5,-11693,125975.25,140478.75,1,1
100449,0,Cash loans,F,157500,942300,-16832,104400,93960,1,1
100451,0,Cash loans,F,144000,446931,-19501,495563.625,548111.25,3.5,1
100452,1,Cash loans,M,171000,1009566,-18767,155015.625,192820.5,1.75,1
100453,0,Cash loans,M,247500,521280,-12191,30855,74353.5,1.333333333,1
100454,0,Revolving loans,M,607500,1350000,-13530,0,0,0,1
100455,0,Cash loans,F,135000,830214,-11523,175144.5,175144.5,1,1
100456,0,Cash loans,M,211500,545040,-12360,21411.75,17129.25,2,1
100457,0,Revolving loans,F,211500,270000,-8922,70729.225,75055.975,2.333333333,1
100458,0,Cash loans,F,90000,808650,-20646,32962.5,34920,1,1
100459,0,Revolving loans,M,270000,225000,-15832,99895.5,120991.5,1,1
100460,0,Revolving loans,F,315000,540000,-9842,0,0,0,1
100461,0,Cash loans,F,252000,288873,-15868,176435.5,232615.5,1.666666667,1
100462,0,Cash loans,M,111919.5,152820,-16395,40680,39930.75,1,1
100463,0,Cash loans,F,112500,263686.5,-14402,113344.875,130228.8188,3,1
100464,0,Cash loans,M,112500,345510,-9825,148382.7188,175066.5938,2,1
100465,0,Cash loans,M,135000,545040,-15783,71725,124918.5,1.666666667,1
100467,0,Cash loans,F,81000,225000,-17935,0,0,0,1
100468,0,Cash loans,F,112500,900000,-18287,239342.1429,256901.5714,3,1
100469,0,Revolving loans,M,450000,1350000,-10485,0,0,0,1
100470,0,Cash loans,F,225000,1345500,-15601,110016.75,115261.5,1.666666667,1
100471,0,Cash loans,F,112500,697500,-15150,202455,202455,1,1
100472,1,Cash loans,M,135000,545040,-13923,40477.5,36429.75,1,1
100473,0,Cash loans,M,405000,1483231.5,-16245,1652655,1852276.5,2,1
100474,0,Revolving loans,M,450000,900000,-23045,0,0,0,1
100475,0,Revolving loans,F,405000,495000,-20165,44304.75,44304.75,1,1
100476,0,Cash loans,M,225000,509922,-18469,20205,17955,1,1
100477,1,Cash loans,M,112500,284400,-13715,45000,55788,1.333333333,1
100478,0,Cash loans,F,90000,393543,-11935,76627.68094,80773.37156,5,1
100479,0,Revolving loans,M,90000,180000,-9496,123544.125,140440.5,1,1
100480,0,Cash loans,M,450000,473760,-10046,147537,145926,1,1
100481,0,Revolving loans,M,180000,540000,-17599,110821.2,133464.9,2.333333333,1
100482,0,Cash loans,F,112500,445500,-18579,20338.2,322453.35,5.5,1
100485,1,Revolving loans,M,270000,810000,-11353,197977.4719,216806.625,2,1
100486,0,Cash loans,F,58500,172021.5,-23794,90898.5,92988,1,1
100487,0,Cash loans,M,121500,630747,-16476,41066.25,61715.0625,2.25,1
100488,0,Cash loans,F,270000,364896,-15300,0,0,0,1
100489,0,Cash loans,M,90000,238500,-19833,185508,166954.5,1,1
100490,1,Cash loans,M,135000,755190,-9684,147307.5,171405,3,1
100491,0,Cash loans,M,193500,314100,-12018,293619.375,363744.2813,2,1
100492,0,Cash loans,F,450000,716161.5,-12662,124481.7188,113880.75,3.25,1
100493,0,Cash loans,F,270000,1288350,-18651,297384.5975,319687.125,4,1
100495,0,Cash loans,F,112500,832500,-13494,155817,175869,1,1
100496,0,Cash loans,F,450000,1125000,-18627,111292.5,106915.875,2.5,1
100497,0,Revolving loans,M,135000,180000,-8956,93487.5,71761.5,1,1
100498,0,Cash loans,M,112500,485190,-16468,115758.75,139084.0313,2.75,1
100499,0,Cash loans,F,225000,678996,-13229,182248.5,181176,1.333333333,1
100500,0,Cash loans,F,202500,840951,-18522,63245.25,63031.5,2,1
100501,0,Cash loans,M,247500,1125000,-13816,0,0,0,1
100502,0,Cash loans,F,202500,485640,-16121,621549,648232.2,2.666666667,1
100503,0,Cash loans,F,189000,876019.5,-22524,496037.8125,527656.4598,3.25,1
100504,0,Cash loans,F,157500,187704,-18271,220112.5,255437.5,2,1
100505,0,Cash loans,M,225000,675000,-17222,270000,393322.5,1,1
100506,0,Cash loans,M,112500,345645,-14671,132538.5,132538.5,2,1
100507,0,Cash loans,M,202500,450000,-7747,118727.4375,115827,3,1
100508,0,Cash loans,F,450000,1971072,-18268,533160,584085.9375,2.25,1
100509,0,Cash loans,F,90000,339241.5,-21987,92806.83,117445.5,2.5,1
100511,0,Cash loans,F,85500,454500,-11519,82440,92043,1,1
100513,0,Cash loans,F,180000,848745,-18344,129019.5,133290,1,1
100514,0,Cash loans,M,270000,265306.5,-15187,394277.0625,470643.1875,2.5,1
100515,0,Cash loans,F,157500,1032093,-17668,688488.75,769630.5,2,1
100516,0,Cash loans,F,157500,117000,-20792,225690.9375,246187.3125,2.25,1
100518,0,Revolving loans,F,117000,202500,-22681,253647.75,285461.25,1.333333333,1
100519,0,Cash loans,F,112500,625536,-19031,177746.25,180107.25,2,1
100520,0,Revolving loans,F,135000,270000,-20143,96772.5,117211.5,1,1
100521,0,Revolving loans,F,157500,225000,-20523,97803.25,103129,2.333333333,1
100522,0,Cash loans,F,180000,343683,-10933,53931.375,53931.375,1.5,1
100523,0,Cash loans,M,225000,1096020,-18278,321529.5694,324223.3125,3.5,1
100524,0,Cash loans,M,112500,284400,-10936,237353.6451,288673.2121,4.5,1
100525,0,Cash loans,M,157500,215640,-15191,55345.5,60826.5,1,1
100526,0,Cash loans,M,144000,90000,-13227,155321.25,165245.625,2.333333333,1
100527,0,Revolving loans,F,112500,270000,-9393,75723.75,76324.5,1,1
100528,0,Cash loans,F,90000,675000,-14608,74684.625,83430.53571,3.5,1
100529,0,Cash loans,F,135000,269550,-8857,145215,145215,1,1
100530,0,Cash loans,F,135000,770292,-18035,65763,70627.5,2,1
100531,0,Cash loans,F,112500,904500,-12349,22500,22500,1,1
100532,0,Cash loans,M,99000,277969.5,-18437,150000,176730,3,1
100533,0,Revolving loans,M,121500,382500,-15363,35164.5,36120,1,1
100534,0,Cash loans,F,157500,256500,-13986,113092.95,118129.6688,3.25,1
100535,0,Cash loans,M,90000,225000,-20488,123120,137711.25,1.5,1
100536,0,Cash loans,F,99000,787131,-14357,121432.7625,119315.175,3.75,1
100537,0,Cash loans,F,180000,1044724.5,-11418,254771.5,431826,2,1
100538,0,Cash loans,M,157500,450000,-16060,118332.75,124932.75,1.333333333,1
100539,0,Cash loans,M,184500,225000,-14678,143413.25,128775.25,4,1
100540,1,Cash loans,F,157500,338832,-9289,68005.5,72600.75,2,1
100541,1,Cash loans,F,180000,900000,-10616,30555,27499.5,1,1
100542,0,Cash loans,F,112500,156339,-16388,22152.75,134706.75,1.5,1
100543,0,Cash loans,F,157500,225000,-20173,450000,512370,1,1
100544,0,Cash loans,F,96750,252000,-13583,0,0,0,1
100545,0,Cash loans,F,144000,1012500,-19058,207676,224558.5,2.333333333,1
100546,0,Cash loans,M,67500,508495.5,-23539,101070,111078,1,1
100547,1,Cash loans,M,211500,450000,-10037,451935.225,482527.3125,3.75,1
100549,0,Cash loans,F,225000,545040,-16540,19985.625,19312.5,2,1
100550,0,Cash loans,F,247500,669591,-13768,228747.75,302491.5,2,1
100554,0,Cash loans,F,225000,1125000,-11980,855000,855000,2,1
100555,0,Cash loans,F,112500,337500,-12293,226425.375,245063.25,1.5,1
100556,0,Cash loans,F,58500,50940,-22735,47099.25,61273.5,1.333333333,1
100557,0,Cash loans,F,225000,1320975,-10825,452418.75,482891.625,2,1
100558,0,Revolving loans,M,157500,270000,-19499,53625,60941.25,3.5,1
100559,0,Cash loans,F,450000,2286211.5,-20589,583470,689789.25,1,1
100560,0,Cash loans,F,49500,225000,-21157,183574.5,183793.5,1.666666667,1
100562,0,Revolving loans,M,337500,675000,-12232,54439.25,93500.25,2,1
100563,0,Cash loans,F,135000,1175314.5,-15227,60750,60504.75,1.5,1
100564,0,Cash loans,M,180000,835380,-16304,95962.5,94182.75,1,1
100565,0,Cash loans,F,112500,518562,-20934,45616.5,45616.5,1,1
100566,0,Cash loans,F,117000,932643,-18125,74866.75,71868.5,3.333333333,1
100567,1,Revolving loans,M,99000,180000,-8063,42270,37387.5,1,1
100570,0,Cash loans,F,180000,1395000,-13162,55305,49770,1,1
100571,0,Cash loans,M,292500,983299.5,-9970,229650,225879,1.333333333,1
100572,0,Cash loans,F,31500,314055,-19110,90000,90000,1,1
100573,0,Cash loans,F,157500,961146,-13482,28608.345,22887,1,1
100574,0,Cash loans,M,225000,1125000,-18280,15275.25,13907.25,1,1
100575,0,Cash loans,M,108000,247275,-22443,111780,111780,1,1
100576,0,Cash loans,F,180000,225000,-12803,134745,158962.5,1.333333333,1
100577,0,Cash loans,F,171000,555273,-23169,115562.9063,117177.0938,2.25,1
100578,0,Cash loans,M,135000,358443,-11178,52897.5,50121,1,1
100579,0,Cash loans,M,180000,270000,-15953,44633.25,42850.6875,1.25,1
100580,0,Cash loans,F,270000,528318,-19008,210206.8929,228768.7098,3.75,1
100581,0,Cash loans,F,270000,835380,-19484,269332.5,271255.5,1.5,1
100582,0,Cash loans,M,135000,1546020,-22838,413550.6563,452023.5938,2.25,1
100583,0,Cash loans,M,360000,343800,-16465,76426.875,71582.625,2,1
100584,0,Cash loans,F,139500,269550,-19092,0,0,0,1
100585,0,Cash loans,M,126000,284400,-12327,191250,190959.75,2,1
100586,0,Cash loans,F,85500,515529,-22291,134038.5107,153591.7554,4.75,1
100587,0,Cash loans,F,90000,117162,-17999,157500,171157.5,2,1
100588,0,Cash loans,F,157500,679500,-11816,89955,44977.5,1,1
100589,0,Cash loans,M,103500,302076,-10053,94645.125,86942.25,1.5,1
100590,0,Cash loans,F,225000,478498.5,-15923,563800.5,589846.5,1,1
100593,0,Cash loans,F,90000,263686.5,-13693,123831,138253.5,1,1
100594,0,Cash loans,F,106398,360000,-14324,106612.7205,105669.525,2.75,1
100595,0,Cash loans,F,247500,450000,-15538,244585.5,252159,1.333333333,1
100596,0,Cash loans,F,117000,599778,-17196,28726.875,30243.375,1.5,1
100597,0,Cash loans,F,135000,734994,-18673,90000,103365,1,1
100598,0,Cash loans,M,202500,1125000,-13405,74119.5,71040.375,2,1
100599,0,Cash loans,M,315000,835380,-16117,630000,694863,1,1
100600,0,Cash loans,F,112500,1237684.5,-14751,105957.9,106533.6,3.666666667,1
100601,0,Cash loans,F,157500,284400,-13509,354069,415019.5125,3.25,1
100603,0,Cash loans,M,144000,442791,-19862,112507.6,117542.35,2.333333333,1
100604,0,Cash loans,F,180000,278460,-8433,120582,150547.5,1,1
100605,0,Cash loans,F,229500,1006920,-9920,185728.4438,187676.2875,4,1
100606,0,Cash loans,M,225000,593010,-20372,34020,64368,1,1
100608,0,Cash loans,F,184500,654498,-20597,254546.25,286355.25,1.666666667,1
100609,0,Cash loans,F,180000,294322.5,-9250,212857.5,206758.5,2,1
100610,0,Cash loans,F,292500,900000,-13281,62392.5,61150.5,1,1
100611,0,Cash loans,F,135000,254700,-17437,37971,55176,2,1
100612,0,Cash loans,F,157500,1288350,-14573,179386.5,183579,1,1
100614,0,Revolving loans,F,90000,180000,-8126,34852.5,34852.5,1,1
100615,0,Cash loans,F,180000,675000,-18294,53853,56179,2,1
100616,1,Cash loans,M,225000,203760,-13481,29695.32,30264.75,2,1
100619,0,Cash loans,F,99000,364896,-11156,35140.5,31355.25,1.333333333,1
100620,0,Cash loans,F,225000,1800000,-17388,202689,220081.5,1,1
100621,0,Cash loans,M,450000,1312110,-18204,19327.5,134599.5,1,1
100623,0,Cash loans,F,207000,380533.5,-17789,84341.5,227400,2.666666667,1
100624,0,Cash loans,M,99000,521280,-23759,160566.75,170066.25,1.333333333,1
100626,0,Cash loans,F,337500,926136,-11230,0,0,0,1
100627,0,Cash loans,F,162000,874152,-15061,204777,204777,1,1
100628,0,Cash loans,F,121500,225000,-15671,0,0,0,1
100629,0,Cash loans,F,112500,201024,-17275,56469,53848.5,1,1
100630,0,Cash loans,F,202500,675000,-9524,328357.5,362419.5,1.333333333,1
100631,0,Cash loans,F,135000,913500,-17515,48530,49614.5,1.666666667,1
100632,0,Cash loans,M,225000,732915,-16195,430312.5,441078.75,1.75,1
100633,0,Cash loans,M,247500,414792,-13146,32122.95,33719.325,2,1
100634,0,Cash loans,F,108000,157500,-12515,99609.1875,89458.875,2,1
100635,0,Cash loans,F,157500,238500,-12265,150535,163513,3.333333333,1
100636,1,Cash loans,F,211500,1506816,-21022,854880.1875,874046.25,2.25,1
100637,0,Revolving loans,F,270000,765000,-22883,337950,337950,1,1
100638,0,Cash loans,M,135000,203760,-13468,60174,442374.75,2,1
100639,0,Cash loans,F,90000,158301,-17573,68470,54640,1.666666667,1
100640,0,Cash loans,F,157500,373311,-11887,76185,79110,1.666666667,1
100641,1,Cash loans,M,112500,254700,-11405,140805,127305,1,1
100642,0,Cash loans,F,157500,1350000,-21893,361158.75,402738.75,1,1
100643,0,Cash loans,F,90000,755190,-23185,148365,131197.5,1,1
100644,0,Cash loans,F,76500,119925,-12463,58122,58122,1,1
100645,0,Cash loans,M,247500,900000,-12340,488394.75,576001.875,2.333333333,1
100646,1,Cash loans,M,216000,640080,-15152,157500,224667,1,1
100647,0,Revolving loans,F,99000,247500,-17142,88731.75,106392.9375,2.75,1
100648,0,Cash loans,M,67500,225000,-12749,34938,36783,1,1
100649,1,Cash loans,F,180000,284400,-11653,22455,21831.75,1,1
100650,1,Cash loans,M,135000,808650,-16582,103907.8125,115341.75,2,1
100651,0,Cash loans,F,157500,634482,-12838,64361.25,107108.0625,2.25,1
100652,0,Cash loans,F,130500,995562,-22021,62946,37766.25,1,1
100653,0,Cash loans,F,247500,755856,-12394,52596.75,52877.25,1.333333333,1
100654,0,Cash loans,F,135000,427500,-11767,23933.25,16751.25,1,1
100655,0,Revolving loans,M,112500,270000,-19763,32940,32940,1,1
100656,0,Cash loans,F,54000,312768,-20419,158174.25,173807.25,1.666666667,1
100657,0,Cash loans,F,135000,414792,-19215,0,0,0,1
100658,0,Cash loans,F,189000,215640,-8948,28912.5,96980.25,1.5,1
100659,0,Cash loans,F,90000,603792,-18926,166380.375,187108.5,1.75,1
100660,0,Revolving loans,M,234000,270000,-14739,112500,128835,2,1
100661,0,Cash loans,M,202500,808650,-12520,166351.5,154746.75,2,1
100662,0,Cash loans,F,67500,152685,-16848,115519.4888,133395.9375,3.25,1
100663,0,Cash loans,F,112500,254700,-17426,398073.1875,507788.0625,2,1
100664,0,Cash loans,M,87750,314100,-20092,0,0,0,1
100665,0,Revolving loans,F,112500,270000,-7766,75946.5,86610.375,2,1
100666,0,Cash loans,M,135000,422451,-10691,35880.75,37500,2,1
100667,0,Cash loans,M,45000,168102,-20113,84750,85956,1,1
100668,0,Cash loans,F,144000,364896,-14731,88402.5,74443.5,1,1
100669,0,Cash loans,M,81000,670500,-22990,68625,74273.625,1.5,1
100670,0,Cash loans,F,112500,381528,-19741,45787.5,48576.375,1.5,1
100671,0,Cash loans,F,135000,900000,-12052,214083.9375,216729.9375,2,1
100672,1,Cash loans,M,112500,808650,-21107,29684.25,32620.5,1,1
100673,0,Cash loans,M,225000,942300,-16313,0,0,0,1
100674,0,Cash loans,F,157500,900000,-14960,239493.75,243246,3.5,1
100675,0,Cash loans,M,202500,1125000,-22503,261359.325,295003.1531,4.25,1
100676,0,Cash loans,M,121500,1223010,-18723,66778.5,62598,1.333333333,1
100678,0,Cash loans,F,184500,1078200,-10598,75183.75,84487.5,1,1
100679,0,Cash loans,F,72000,384048,-19968,27126,29511,1,1
100680,0,Cash loans,F,90000,254700,-16794,54875,54813.5,1.666666667,1
100681,0,Cash loans,F,180000,526491,-16781,97735,148734.5,2.666666667,1
100682,0,Cash loans,M,90000,279000,-16773,91350,82215,1,1
100683,0,Revolving loans,M,157500,270000,-17327,86107.5,90634.5,1,1
100684,0,Cash loans,M,225000,991944,-20313,139196.25,143338.5,3.666666667,1
100685,0,Cash loans,M,265500,360000,-20020,195740.0925,236377.5,2,1
100686,0,Cash loans,F,135000,1125000,-13137,137428.875,143557.875,1.5,1
100687,0,Cash loans,M,243000,631332,-12257,158888.2875,169823.6625,2,1
100688,0,Cash loans,F,135000,167121,-13103,156570,161125.5,1.333333333,1
100689,0,Cash loans,F,63000,528633,-21752,39937.5,39622.5,2,1
100690,1,Cash loans,F,135000,244998,-12135,0,0,0,1
100691,0,Revolving loans,M,225000,585000,-15705,367924.95,388954.8,3,1
100692,0,Cash loans,F,81000,90000,-8454,73876.5,73507.5,1,1
100693,0,Cash loans,F,90000,808650,-16215,25110,23791.5,1,1
100694,0,Revolving loans,M,180000,450000,-14354,70911.45,67189.5,1,1
100695,0,Cash loans,F,135000,1219500,-17426,117077.5,111333.375,3.666666667,1
100696,0,Cash loans,M,360000,675000,-15200,652500,450000,1,1
100697,0,Cash loans,F,225000,495985.5,-20648,681075,702118.2375,3,1
100698,0,Cash loans,M,157500,477000,-14590,262662.75,262662.75,2.5,1
100700,0,Cash loans,F,157500,526491,-17342,605227.5,674140.5,1,1
100701,0,Cash loans,F,67500,495000,-22881,68554.125,61813.125,1.5,1
100703,0,Cash loans,F,112500,225000,-25050,103709.625,102625.125,2.5,1
100704,0,Cash loans,F,90000,760500,-17781,94500,101877,2.333333333,1
100705,0,Cash loans,M,90000,490536,-17233,126427.5,125311.5,1,1
100706,0,Cash loans,F,180000,533668.5,-22460,11682,12394.5,1,1
100707,0,Cash loans,M,135000,1160973,-16960,78853.5,80584.875,3.333333333,1
100708,0,Cash loans,F,135000,808650,-17541,86172.1875,88656.46875,2,1
100709,0,Cash loans,M,157500,225000,-8746,148254.375,155979.75,1.75,1
100710,0,Cash loans,M,180000,439740,-11455,112138.4813,86502.73125,2.5,1
100712,0,Cash loans,M,540000,1575000,-15111,113234.625,109762.875,1.5,1
100713,1,Cash loans,F,180000,755190,-12893,40005,38970,1,1
100714,1,Cash loans,F,99000,548770.5,-21818,63547.875,67826.25,2,1
100715,0,Cash loans,M,126000,337500,-19139,0,0,0,1
100716,0,Cash loans,F,135000,761067,-11981,129656.25,145766.25,1.5,1
100717,1,Cash loans,M,135000,284400,-10800,44717.5,52118,2,1
100718,0,Cash loans,F,234000,360000,-16297,37255.5,37255.5,1,1
100719,0,Cash loans,F,292500,746280,-12309,427789.5,472195.5,1,1
100720,0,Cash loans,F,90000,135000,-8993,58117.5,62372.25,1,1
100721,0,Cash loans,F,216000,868500,-19605,152046,158571,1,1
100722,0,Cash loans,M,540000,545040,-16194,27295.5,95538,1.666666667,1
100723,0,Cash loans,F,202500,227520,-14239,236902.5,262017,1,1
100724,0,Cash loans,F,112500,312768,-14809,22950,23760,1,1
100725,0,Cash loans,F,112500,1223010,-11487,133006.5,133006.5,1,1
100726,0,Cash loans,M,202500,450000,-10231,70575,70230,1.333333333,1
100727,0,Cash loans,F,112500,284400,-16914,114012.5,309228.25,2,1
100728,0,Cash loans,F,112500,555273,-17853,223125,247593.9,2.5,1
100730,0,Cash loans,F,315000,1971072,-16938,188409,210968.25,1.333333333,1
100731,0,Revolving loans,F,112500,270000,-13830,118607.205,120083.205,1.333333333,1
100732,0,Cash loans,F,225000,450000,-10230,54947.25,54947.25,1,1
100733,0,Cash loans,F,157500,450000,-14351,76500,54000,1,1
100734,0,Cash loans,F,157500,1218375,-13879,36351,40026.75,2.666666667,1
100735,0,Cash loans,F,292500,720000,-14569,51117.75,54318,1.333333333,1
100736,0,Cash loans,M,112500,1080000,-20629,268174.6073,274550.2313,3.25,1
100737,0,Cash loans,F,112500,247275,-24181,132594.75,127170,1.333333333,1
100738,0,Revolving loans,F,135000,180000,-10939,355313.25,320359.5,1,1
100739,0,Revolving loans,F,216000,337500,-10643,216436.5,235008,1,1
100741,0,Cash loans,M,90000,284400,-8685,17035.3125,17035.3125,1.75,1
100742,0,Cash loans,F,108000,390960,-20206,0,0,0,1
100743,0,Cash loans,F,38250,47970,-19989,47856.9375,97242.75,2.5,1
100746,0,Revolving loans,M,171000,495000,-17806,91181.25563,91141.03125,2.5,1
100748,0,Cash loans,F,103500,270000,-16540,67956.375,66816,2.333333333,1
100749,0,Cash loans,F,171000,679500,-17016,171549.375,209142.3,3.25,1
100750,0,Cash loans,F,121500,472500,-13432,28794.375,31429.125,1.5,1
100755,0,Cash loans,F,90000,107820,-10598,90750,104080.5,1.333333333,1
100756,0,Cash loans,F,202500,247675.5,-19361,214124.25,231429.75,1.666666667,1
100757,0,Cash loans,F,180000,675000,-18355,314820,314820,1,1
100758,0,Cash loans,F,157500,448056,-13419,64300.5,64300.5,1,1
100759,0,Cash loans,M,202500,938304,-16290,96750,492495.75,1.5,1
100761,0,Cash loans,F,225000,225000,-11518,314775,313065,1,1
100764,0,Revolving loans,M,135000,180000,-10630,89955,71964,1,1
100766,0,Cash loans,M,126000,157050,-14385,49518,49518,1,1
100767,0,Cash loans,M,157500,808650,-13962,173610,182432.25,1,1
100768,0,Cash loans,M,112500,277969.5,-20438,48468.34688,50484.9375,1.5,1
100769,0,Cash loans,M,247500,805500,-13877,175703.1,191543.1,1.666666667,1
100771,0,Cash loans,M,288000,1971072,-17087,215250,219120,1,1
100773,0,Cash loans,F,112500,254700,-23049,61489.05,58033.5,1.666666667,1
100774,0,Cash loans,F,90000,675000,-19164,56964,126898.5,1.333333333,1
100775,0,Cash loans,M,112500,351000,-8384,177072.99,181934.49,1,1
100776,0,Cash loans,F,225000,1096020,-12405,39462.75,40736.25,2,1
100778,0,Cash loans,M,202500,1006920,-18323,202196.25,226886,3,1
100779,0,Cash loans,F,135000,1125000,-20681,23640,25081.5,1.333333333,1
100780,0,Cash loans,F,112500,679500,-10565,153900,153900,1,1
100781,0,Cash loans,M,405000,1327648.5,-20204,76273.875,77091.75,4,1
100782,0,Cash loans,M,225000,1017000,-15573,95755.5,120598.5,1.333333333,1
100783,0,Revolving loans,M,135000,180000,-9543,81000,79650,1.5,1
100784,1,Cash loans,F,54000,1885500,-22181,436031.25,492194.3438,3.75,1
100785,0,Cash loans,F,67500,293535,-21306,174000,175439.25,1.666666667,1
100786,0,Cash loans,F,270000,265851,-16625,286648.5,337747.5,1.333333333,1
100787,0,Cash loans,M,270000,675000,-16590,162610.5,160625.25,2,1
100788,0,Cash loans,F,112500,450000,-10114,93875.175,101036.925,2,1
100789,0,Cash loans,F,112500,813195,-16329,127971,134050.5,1.5,1
100790,0,Cash loans,M,157500,339948,-9365,167723.4375,182428.875,1.5,1
100793,0,Cash loans,F,126000,808650,-13037,40700,42567.5,1.666666667,1
100794,0,Cash loans,F,49500,431280,-21351,77535,77535,1,1
100795,0,Cash loans,M,180000,963000,-13778,261112.5,264462.75,1.5,1
100796,1,Cash loans,F,405000,413235,-19311,391364.7,456350,4,1
100798,0,Cash loans,M,81000,454500,-16658,62503.5,61992,1,1
100799,0,Cash loans,F,103500,886090.5,-21411,186378.1875,192814.875,2.5,1
100800,0,Cash loans,F,126000,698517,-21314,92268,97973.25,2,1
100801,0,Cash loans,F,112500,223884,-9528,80995.5,77706,1,1
100802,0,Cash loans,F,76500,499261.5,-19169,75345,99101,2,1
100803,0,Cash loans,F,135000,679500,-11847,125186.455,136043,2.333333333,1
100804,0,Cash loans,F,157500,407727,-12200,110432.25,119718,2,1
100805,0,Cash loans,M,270000,1098000,-11809,116282.25,110679.75,1,1
100806,0,Cash loans,F,247500,654498,-18178,413474.25,417903.75,2,1
100807,0,Cash loans,M,180000,675000,-14014,684000,684000,1,1
100808,1,Cash loans,F,135000,640080,-9904,65237.625,75157.875,1,1
100809,0,Cash loans,F,112500,95940,-18711,43087.5,41771.25,1.5,1
100810,0,Revolving loans,M,540000,900000,-12643,0,0,0,1
100811,0,Cash loans,M,180000,1649646,-20220,0,0,0,1
100812,0,Cash loans,F,270000,274779,-13706,131250,149266.125,3,1
100813,0,Cash loans,F,135000,635962.5,-15069,46916.71875,102196.9688,2.25,1
100814,0,Cash loans,F,126000,942300,-21704,70416,98174.25,1.333333333,1
100815,0,Cash loans,M,112500,225000,-22725,239307,258366,2,1
100816,1,Cash loans,F,157500,88884,-22562,149908.6643,169022.625,5,1
100817,0,Cash loans,F,67500,364032,-19335,0,0,0,1
100818,0,Cash loans,M,225000,900000,-11763,69375,63186.5,1.666666667,1
100819,0,Cash loans,F,279000,1520253,-20895,82670,87563,2,1
100820,0,Cash loans,M,157500,808650,-18007,53955,48762,1,1
100821,0,Cash loans,F,180000,1468719,-21579,49286.25,49286.25,1.5,1
100822,0,Cash loans,M,225000,616923,-11653,137543.1,134085,1.333333333,1
100824,0,Revolving loans,F,112500,270000,-16219,222571.5,331066.5,2,1
100825,0,Cash loans,F,225000,500211,-21435,347875.875,361514.625,2.5,1
100827,0,Cash loans,F,117000,225000,-8759,164232,149791.5,1,1
100828,0,Cash loans,F,153000,450000,-10662,52645.5,52645.5,1,1
100829,0,Cash loans,F,90000,253737,-21082,106717.5,117985.5,1,1
100831,0,Cash loans,F,67500,497520,-10237,166153.3875,175075.4813,4,1
100832,0,Cash loans,F,90000,131922,-14966,133697,153605.5,1.666666667,1
100833,0,Cash loans,F,121500,723996,-14804,40442.625,56918.25,2,1
100834,0,Cash loans,M,202500,485640,-16133,298261.125,314164.125,3,1
100835,0,Cash loans,M,337500,267102,-19594,53325,46413,1,1
100837,0,Revolving loans,F,45000,135000,-10072,104184,119256,1,1
100838,0,Cash loans,F,81000,229500,-16053,76495.5,78156,1,1
100839,1,Cash loans,M,180000,824823,-16532,67500,67500,1,1
100840,1,Cash loans,M,135000,450000,-14655,41220,36175.5,1,1
100841,0,Cash loans,F,225000,835380,-8675,0,0,0,1
100842,0,Cash loans,M,247500,1087474.5,-11667,351245.625,407572.575,3.25,1
100843,0,Cash loans,F,117000,1078200,-19235,66937.5,69428.25,2,1
100844,0,Cash loans,M,180000,942300,-11395,47927.7,43132.5,1,1
100845,0,Cash loans,M,67500,439074,-10140,100743.3,111379.5,1,1
100846,0,Cash loans,F,58500,888840,-23491,59718.75,61602.84375,3.25,1
100847,0,Cash loans,M,112500,90000,-12757,42225.75,40253.625,1.5,1
100848,0,Cash loans,M,157500,531706.5,-14816,67672.5,80290.5,1,1
100849,0,Cash loans,F,225000,755190,-21264,43533,43246.5,3,1
100850,0,Cash loans,M,342000,585000,-13978,0,0,0,1
100851,0,Revolving loans,M,67500,180000,-17796,44398.125,41951.25,1,1
100852,0,Cash loans,M,157500,1190340,-19794,98545.5,108954,1,1
100853,0,Cash loans,F,117000,276277.5,-13176,74767.5,76181.90625,2.25,1
100854,0,Cash loans,M,202500,485640,-12418,61084.25,65618.75,2,1
100855,0,Cash loans,M,270000,770292,-16951,45976.5,48402,1,1
100856,0,Cash loans,F,112500,364896,-16862,56064.375,64498.78125,2.25,1
100857,0,Cash loans,F,49500,153504,-23630,47218.5,47218.5,1,1
100858,0,Cash loans,M,270000,1467612,-14907,78061.725,84132,1.5,1
100859,0,Cash loans,F,270000,1225224,-14004,328109.25,393039.75,3.333333333,1
100860,0,Cash loans,M,180000,711747,-10241,130432.5,113334.75,2,1
100861,0,Cash loans,M,306000,2085120,-14206,69785,110853,1.666666667,1
100862,0,Cash loans,M,180000,957033,-11485,362271.9375,381371.625,1.5,1
100863,0,Cash loans,F,135000,253737,-23511,94170.75,102812.4375,1.75,1
100864,0,Cash loans,F,135000,573628.5,-9132,110583,112338,1,1
100865,0,Cash loans,F,112500,573628.5,-13525,253375.5,289093.75,2.333333333,1
100866,0,Cash loans,F,225000,398016,-15453,61330.5,57657,2,1
100867,0,Cash loans,F,180000,239850,-24645,61569.53571,62409.58929,5.333333333,1
100868,0,Cash loans,F,112500,450000,-19129,117325.125,125853.75,1.5,1
100869,0,Cash loans,F,90000,242950.5,-16645,56279.25,54425.25,2,1
100870,0,Cash loans,F,90000,203760,-18840,0,135000,1,1
100871,0,Cash loans,M,90288,405000,-7865,70241.25,74020.5,2,1
100873,0,Cash loans,F,360000,1030500,-19776,161580.375,164545.875,1.5,1
100874,0,Cash loans,F,225000,582768,-21642,315855,315855,1,1
100875,0,Cash loans,F,126000,260640,-10303,97587,106173,1,1
100876,0,Cash loans,F,139500,317178,-13465,337500,359755.875,2,1
100877,0,Cash loans,F,90000,238896,-16989,44077.5,41919.75,1,1
100878,0,Cash loans,F,247500,835380,-16851,263851.5,315429.5,2,1
100879,1,Cash loans,F,450000,1323000,-18740,418048.875,421653.9375,1.5,1
100880,0,Cash loans,F,67500,143910,-22637,36318.75,70779,1.666666667,1
100881,0,Revolving loans,M,243000,180000,-7705,134955,121459.5,2,1
100882,0,Cash loans,F,213750,765000,-14661,49917.75,49917.75,1.666666667,1
100883,0,Cash loans,F,112500,117162,-9106,20340,18306,1,1
100884,0,Cash loans,F,157500,327024,-10960,53952.75,59595.75,1.5,1
100885,0,Cash loans,F,157500,557770.5,-12106,152188.875,181280.25,2,1
100886,0,Cash loans,F,315000,697500,-15217,202500,202500,1,1
100887,0,Cash loans,F,67500,157914,-24680,129726,106701.75,1,1
100888,0,Cash loans,F,135000,900000,-18874,87039,88649.25,1.666666667,1
100889,0,Revolving loans,F,450000,855000,-12385,0,0,0,1
100890,0,Cash loans,F,157500,553806,-20108,87435,87435,1,1
100891,0,Cash loans,F,67500,203760,-21817,166830.75,189079.875,1.5,1
100892,0,Cash loans,M,315000,312682.5,-18284,585000,612561.375,2,1
100893,0,Cash loans,F,90000,701730,-16419,167918.625,362449.4063,1.75,1
100894,0,Cash loans,F,214650,1442952,-11916,171544.5,171544.5,1,1
100895,0,Cash loans,F,135000,675000,-16054,31597.875,27666,1.5,1
100896,1,Cash loans,F,112500,1006920,-13913,264605,311380.125,2.666666667,1
100897,0,Cash loans,M,135000,550980,-8087,51615,49218.75,1.5,1
100898,0,Cash loans,F,112500,497520,-22478,145269,145269,1,1
100899,0,Cash loans,F,67500,225000,-14164,15277.5,14427,1,1
100900,0,Cash loans,F,67500,103855.5,-17254,29832,60939,1,1
100901,0,Cash loans,F,81000,76500,-15463,74819.25,77472,1,1
100902,1,Cash loans,F,117000,770292,-21838,142202.85,153907.5,1,1
100903,0,Cash loans,F,135000,574785,-17432,551250,551250,1,1
100904,0,Cash loans,F,45000,348264,-17876,65175.75,72718.875,1,1
100905,0,Revolving loans,F,252000,180000,-13291,285000,315888,3,1
100906,0,Cash loans,F,337500,814041,-15113,184945,213945,2,1
100907,0,Cash loans,F,81000,490536,-16309,85218.75,84773.25,1.5,1
100908,0,Cash loans,F,225000,781920,-17523,359370,439816.5,2.666666667,1
100909,0,Cash loans,F,135000,229500,-20193,93120,108130.75,2,1
100911,0,Revolving loans,M,360000,270000,-8604,186813.75,184789.5,1.666666667,1
100912,0,Cash loans,M,225000,254700,-10582,110984.5875,131886.1875,2.75,1
100914,0,Cash loans,M,337500,900000,-21910,900000,939204,1,1
100915,0,Cash loans,F,63000,284400,-10548,53901,56745,1,1
100916,0,Cash loans,F,180000,403330.5,-9927,86049,91345.5,1.5,1
100917,0,Cash loans,F,108000,760225.5,-15317,50849.775,70506.09375,2.25,1
100919,0,Cash loans,F,48600,229500,-23039,81191.25,80431.125,2.75,1
100920,0,Cash loans,M,112500,832500,-13765,43072.56,47273.625,2.25,1
100921,0,Cash loans,F,112500,675000,-16860,68352.75,81092.25,1,1
100922,0,Cash loans,F,90000,238500,-21738,184747.5,204840,1,1
100923,0,Cash loans,F,270000,284256,-12333,131177.25,174662.0625,2.75,1
100924,0,Cash loans,M,202500,1317357,-14897,141637.5,156041.25,1.333333333,1
100925,0,Cash loans,F,99000,1288350,-11726,129469.5,123759.75,1.333333333,1
100926,0,Cash loans,F,90000,364896,-15300,54435.375,87350.625,2,1
100927,0,Cash loans,F,135000,1350000,-16797,59015.25,59892.75,1.5,1
100928,0,Cash loans,M,112500,95940,-14238,180000,220302,1,1
100929,0,Cash loans,F,81000,517500,-16037,217720,289603.5,2.333333333,1
100930,0,Cash loans,F,135000,607050,-14774,79222.5,82842.75,1.5,1
100932,0,Cash loans,F,202500,675000,-18013,39811.5,38785.5,1,1
100933,0,Cash loans,F,112500,162000,-14259,374761.65,373940.4375,2.25,1
100934,0,Revolving loans,F,135000,180000,-11649,49497.75,48219.75,1,1
100935,0,Cash loans,M,225000,644427,-12406,197299.125,220368.5625,1.75,1
100936,1,Cash loans,F,76500,390960,-22167,0,0,0,1
100937,0,Cash loans,M,270000,450000,-14740,42520.5,38020.5,1,1
100938,0,Cash loans,M,112500,178213.5,-23236,139845.125,152276.6563,4.25,1
100939,0,Cash loans,F,67500,673875,-16683,135144.75,169947,3,1
100940,0,Cash loans,F,54000,101880,-19227,42626.25,284733.75,1.333333333,1
100941,0,Cash loans,F,180000,508495.5,-19133,104338,109309.5,2.666666667,1
100942,0,Cash loans,F,261000,503676,-15301,140160,222652.5,1.333333333,1
100943,0,Cash loans,F,135000,189621,-16228,158434.875,199138.5,2,1
100944,0,Cash loans,M,189000,1054935,-11700,191545.875,211123.6875,1.5,1
100945,1,Cash loans,F,202500,1210500,-14702,249199.6875,344387.25,1.75,1
100946,0,Cash loans,M,112500,808650,-23079,480955.5,559239,1.333333333,1
100947,0,Cash loans,M,153000,380533.5,-9694,149140.8,189618.1875,1.5,1
100948,0,Cash loans,M,112500,337500,-17852,106638.1875,121544.0625,3.25,1
100949,0,Cash loans,F,315000,657886.5,-13850,97626.75,92975.25,1.5,1
100950,0,Cash loans,F,157500,225000,-11218,39681.84375,37676.53125,2.25,1
100951,0,Cash loans,M,112500,224136,-9455,62307,61866,1,1
100954,0,Revolving loans,F,382500,585000,-19919,256500,256500,1,1
100955,0,Cash loans,F,112500,101880,-22321,91921.875,97614.375,2.25,1
100956,0,Cash loans,F,157500,587623.5,-16940,204500.75,252176.75,2.333333333,1
100957,0,Cash loans,F,315000,927571.5,-10014,79476.75,133422.75,2,1
100958,0,Cash loans,F,135000,533668.5,-16656,37919.025,37627.575,4.666666667,1
100959,0,Cash loans,F,90000,225000,-14664,18527.625,18149.625,1.5,1
100960,0,Cash loans,F,135000,343800,-14565,90000,94455,1,1
100961,0,Cash loans,M,81000,360000,-12024,142031.25,141996.375,1.5,1
100962,0,Cash loans,F,135000,787131,-10534,47387.25,48497.625,1.5,1
100963,1,Cash loans,F,112500,1002456,-20527,43479,44491.5,2,1
100964,0,Cash loans,F,112500,327024,-12956,113437.5,136515,2.25,1
100966,0,Cash loans,F,63000,47970,-13465,18449.8,18429.5,1.666666667,1
100967,0,Cash loans,M,283500,1149210,-18493,70779.375,92547.5625,1.25,1
100968,0,Cash loans,F,90000,1035832.5,-11083,49950,49726.6875,1.25,1
100969,0,Cash loans,F,216000,485640,-8545,231727.5,233145,1,1
100971,1,Cash loans,F,180000,948582,-11073,73307,66519.5,2,1
100972,0,Cash loans,F,202500,1264428,-17641,26955,23580,1,1
100973,0,Cash loans,F,202500,970380,-17825,111476.25,124272.0563,2.75,1
100974,0,Cash loans,F,135000,219042,-25059,101230.3125,104059.125,3,1
100975,0,Revolving loans,F,157500,225000,-15981,189451.125,204726.375,1.5,1
100976,0,Cash loans,F,126000,1008117,-11001,229794,268518.75,1.666666667,1
100977,0,Cash loans,F,90000,900000,-20693,122301,126607.5,1,1
100978,0,Cash loans,F,67500,508495.5,-17899,117585,105826.5,1,1
100979,0,Revolving loans,F,157500,450000,-17924,76455,76455,1,1
100980,0,Cash loans,F,81000,81000,-10973,78022.8,83425.5,1.666666667,1
100981,0,Cash loans,F,67500,312768,-21516,0,0,0,1
100985,0,Cash loans,M,225000,1574532,-17468,68962.5,71415,1,1
100986,0,Cash loans,M,180000,640080,-17231,150168.78,149233.5,1,1
100988,0,Cash loans,M,180000,1350000,-8664,57285,57285,1,1
100989,0,Cash loans,F,112500,143910,-11869,37860.375,37641.375,2.5,1
100990,0,Cash loans,M,157500,862560,-14391,57251.25,52196.625,1.5,1
100991,0,Cash loans,M,117000,474048,-14601,44852.625,109281.9375,1.25,1
100992,1,Cash loans,M,135000,203760,-12755,138480.5625,161234.3438,3.5,1
100993,0,Cash loans,F,67500,765000,-14276,115500,159334.5,1,1
100994,0,Cash loans,F,112500,888840,-20071,99577.9125,123845.625,1,1
100995,0,Cash loans,F,157500,450000,-19860,193815,200856.9375,1.25,1
100996,1,Cash loans,F,94500,675000,-11952,112500,134775,2,1
100999,0,Cash loans,M,450000,2125953,-10121,0,0,0,1
101000,0,Cash loans,M,157500,592560,-11574,227524.5,233224.5,1,1
101001,0,Cash loans,F,157500,1024740,-12294,113377.5,114892.5,2.333333333,1
101003,0,Cash loans,M,247500,407745,-14471,106560,191217.75,1.666666667,1
101004,0,Cash loans,F,112500,1215000,-15044,39345.1875,39277.125,1.25,1
101006,0,Revolving loans,F,180000,540000,-22839,458156.25,503804.8125,1.75,1
101007,0,Cash loans,F,202500,728460,-15140,53820,53820,1,1
101009,0,Cash loans,F,90000,239850,-14105,21168,21168,1,1
101010,0,Cash loans,F,67500,381528,-11041,20920.5,20495.25,1,1
101011,0,Cash loans,F,112500,900000,-19367,31669.5,31959,1,1
101012,0,Cash loans,F,112500,755190,-17295,86667.75,87986.25,2,1
101013,0,Cash loans,M,202500,518562,-14077,167089.5,167089.5,1.5,1
101014,0,Cash loans,F,225000,1002870,-14102,104712,99546,2.5,1
101015,0,Cash loans,F,121500,755190,-18397,58464,63607.5,1,1
101016,0,Cash loans,M,315000,1546020,-22443,324375,382999.5,2,1
101017,0,Revolving loans,F,135000,135000,-21525,306094.5,338474.25,2,1
101018,0,Cash loans,M,238500,834048,-16101,370830.15,391908.375,3.5,1
101019,0,Cash loans,F,382500,720000,-21493,504340.3125,588475.35,3,1
101022,0,Cash loans,F,112500,675000,-22251,91875,102847.125,2.5,1
101023,0,Cash loans,M,180000,640080,-21057,76500,148920,1,1
101027,0,Cash loans,M,135000,545040,-18007,21375,17100,1,1
101028,0,Cash loans,F,112500,886500,-13818,81506.25,98219.25,1.666666667,1
101029,0,Revolving loans,M,315000,675000,-20719,436234.5,322155,1,1
101030,0,Cash loans,F,67500,900000,-15883,99128.25,108240.75,1,1
101032,0,Cash loans,F,195750,704844,-21280,168661.5,209300.625,2,1
101033,0,Cash loans,F,99000,942300,-21204,64800,63130.5,1,1
101034,0,Cash loans,F,112500,664299,-11411,87536.13643,103949.4936,4.666666667,1
101035,0,Cash loans,F,67500,90000,-21590,99625.5,120667.5,1,1
101036,0,Cash loans,M,225000,474048,-11264,31923.45,253228.5,1,1
101037,0,Cash loans,F,247500,747000,-22346,168500,230462.5,2.666666667,1
101038,0,Cash loans,M,180000,675000,-19002,122467.5,128895.75,1,1
101039,0,Cash loans,F,315000,1024740,-16892,196630.6,222676.75,2.666666667,1
101040,0,Cash loans,M,157500,635962.5,-23064,306000,333264,2,1
101042,1,Cash loans,F,81000,521280,-15181,72060.75,71822.25,1,1
101043,0,Cash loans,F,94500,74182.5,-20186,119242.3125,123293.1563,3.25,1
101044,0,Cash loans,F,157500,1097676,-15085,436031.5875,473172.15,1.75,1
101045,0,Revolving loans,F,67500,180000,-15928,44496,43845,2,1
101046,0,Revolving loans,F,112500,337500,-15839,63621,63715.5,1.666666667,1
101047,0,Cash loans,F,94500,284400,-13646,33720,36933,1.333333333,1
101048,0,Cash loans,M,202500,1029681,-16600,99280.71429,121742.5286,4,1
101049,0,Cash loans,M,99000,104256,-10729,94990.3875,104694.8063,3,1
101050,0,Cash loans,F,157500,1185282,-19533,77958,82702.6875,1.75,1
101052,0,Revolving loans,F,135000,180000,-7859,164694.375,126348.75,1.5,1
101053,0,Cash loans,F,135000,254700,-11272,55530,61609.5,1,1
101054,0,Cash loans,F,112500,454500,-18452,229500,254340,1,1
101058,0,Cash loans,F,90000,900000,-15017,252939.3497,267711.8438,3,1
101059,0,Cash loans,M,225000,454500,-12229,339678,396757.125,1.5,1
101060,0,Cash loans,M,270000,1546020,-13928,105507,131278.5,1,1
101061,0,Cash loans,F,162000,284400,-17648,41700,38746.5,1,1
101062,0,Cash loans,F,135000,206271,-15202,127965,139388.25,1.666666667,1
101063,1,Cash loans,M,202500,755190,-13955,50977.08,54705.33,2,1
101065,0,Cash loans,M,121500,370629,-19517,88712.775,83463.75,1,1
101066,0,Cash loans,F,112500,405000,-8880,20191.5,23733,1,1
101067,0,Cash loans,F,225000,450000,-12093,478900.125,541875.3,4.25,1
101068,0,Cash loans,F,67500,900000,-14300,51096,49508.25,1.666666667,1
101069,0,Cash loans,M,225000,679500,-18735,161821.3913,190895.4359,4.25,1
101070,0,Cash loans,M,157500,1125000,-20426,44815.5,41530.5,2,1
101071,0,Cash loans,M,135000,414792,-15241,73341,58671,1,1
101072,0,Cash loans,F,180000,945000,-17660,178668.0992,187027.6058,5.25,1
101073,1,Cash loans,F,540000,485640,-14122,31855.5,19264.5,1,1
101074,0,Cash loans,M,173250,765261,-15787,67873.5,66748.5,1.333333333,1
101075,0,Cash loans,F,121500,533668.5,-16265,58855.00473,58235.94643,3.75,1
101076,1,Cash loans,F,126000,324216,-16015,274116.9375,273981.9375,2,1
101077,0,Cash loans,M,202500,720000,-16360,42359.25,43664.25,2,1
101078,0,Cash loans,F,90000,225000,-13670,67400.03571,72396.85714,4.75,1
101080,0,Cash loans,F,90000,207396,-8935,75054.75,101525.25,1.666666667,1
101081,0,Cash loans,M,117000,1061599.5,-20836,112500,562500,1.5,1
101082,0,Cash loans,F,270000,545040,-14562,15300,14224.5,1,1
101083,0,Cash loans,F,117000,450000,-10476,30352.5,29337.75,2,1
101084,0,Cash loans,M,157500,531706.5,-10867,71298.585,67016.835,1.75,1
101085,0,Cash loans,F,182250,900000,-13233,338085,354334.5,1,1
101086,0,Cash loans,M,135000,225000,-8587,92946.5,94353.25,2,1
101088,0,Cash loans,F,166500,225000,-17650,328946.2143,372299.1964,4.666666667,1
101089,0,Cash loans,F,157500,562500,-19642,124105.25,123647.25,2.666666667,1
101091,0,Cash loans,M,157500,1024740,-20289,28750.5,27463.5,1,1
101093,1,Cash loans,F,166500,152820,-9082,146250,187701.75,1.5,1
101094,0,Cash loans,F,112500,819432,-23643,80625,88421.25,2.5,1
101095,0,Cash loans,F,67500,450000,-21192,20115,22869,1,1
101096,1,Cash loans,M,112500,550980,-8824,56297.25,58385.25,2,1
101098,0,Cash loans,F,180000,1096020,-11215,202261.5,202261.5,1,1
101100,0,Cash loans,F,135000,315000,-10769,72941.0625,74142.1875,1.75,1
101101,0,Revolving loans,M,247500,270000,-19419,450000,491580,1,1
101102,0,Cash loans,F,90000,500211,-13141,166705.3125,180250.875,1.5,1
101103,0,Cash loans,F,193500,715095,-11742,88539.75,86406.75,1.666666667,1
101104,0,Cash loans,F,124200,538704,-22925,65525.85,88260.25,2.333333333,1
101105,0,Cash loans,F,112500,157500,-10453,100080,119382,2,1
101106,0,Cash loans,M,157500,824242.5,-19452,618700.3125,660389.8125,4,1
101108,0,Cash loans,M,180000,450000,-11239,163485,96995.25,1,1
101109,0,Cash loans,M,135000,781920,-13461,112500,137686.5,1,1
101110,0,Cash loans,F,135000,755190,-13529,114111.5625,125227.125,2.25,1
101111,0,Cash loans,F,225000,854896.5,-10209,98187,142864.8,4,1
101112,0,Cash loans,F,202500,247500,-15521,663946.5781,719976.0156,5.75,1
101113,0,Cash loans,F,400500,1125000,-18591,24660,21663,1,1
101114,0,Cash loans,F,360000,754740,-12409,67441.5,63436.5,2,1
101115,0,Cash loans,M,202500,266652,-10218,103800,76683,3,1
101116,0,Cash loans,F,135000,352044,-14390,69542.94643,71239.88839,3.75,1
101117,0,Cash loans,F,144000,585000,-18656,508424.625,514391.625,1.5,1
101119,0,Cash loans,M,202500,350581.5,-10128,456220.125,458415,1.5,1
101120,0,Revolving loans,M,225000,270000,-15267,334110,361988,1.666666667,1
101121,1,Cash loans,M,180000,436032,-15481,7075.125,187518.375,2,1
101122,0,Cash loans,F,90000,640458,-12198,65804.625,74415,2.5,1
101123,0,Cash loans,F,54000,188685,-20266,56751.75,50889.75,2,1
101124,0,Cash loans,F,103500,848745,-21647,97533,87777,1,1
101127,1,Cash loans,M,211500,835380,-16492,206403.75,231849.75,2.333333333,1
101129,0,Cash loans,F,207000,1006920,-23282,337500,368685,1,1
101130,0,Cash loans,F,67500,203760,-24103,84484.125,83314.125,1.5,1
101131,0,Cash loans,M,112500,350676,-13963,0,0,0,1
101132,0,Revolving loans,F,157500,135000,-12926,91800,91800,1,1
101133,0,Cash loans,F,90000,284400,-23942,137206.125,138343.5,2.75,1
101134,0,Cash loans,F,135000,450000,-15175,108290.5,152690.75,3,1
101135,0,Cash loans,F,135000,299772,-10718,0,0,0,1
101137,0,Cash loans,M,123300,497520,-8991,90298.5,93268.5,1.666666667,1
101138,0,Cash loans,F,202500,640080,-20726,121345.8416,142830.7875,2.75,1
101139,0,Cash loans,F,112500,679500,-11944,144275.25,150370.125,3,1
101141,0,Cash loans,F,139500,135000,-16496,28900.43625,32148.31125,2.333333333,1
101142,1,Cash loans,F,135000,312768,-11006,98538.75,110188.125,1.5,1
101143,0,Cash loans,F,112500,1006920,-10265,47385,43519.5,2,1
101144,0,Cash loans,F,90000,263686.5,-18033,118228.5,117639,1,1
101145,0,Cash loans,M,315000,840951,-13336,72280,75661.5,2,1
101146,0,Cash loans,M,38700,143910,-22427,0,0,0,1
101147,1,Cash loans,M,315000,1165500,-12102,157607.1563,229349.25,2,1
101148,0,Cash loans,F,135000,490536,-13802,110530.125,107367.75,1.25,1
101150,0,Cash loans,M,112500,835380,-20077,116025.75,110801.25,1,1
101151,0,Cash loans,F,90000,760225.5,-17801,253399.5,270126,1,1
101152,0,Cash loans,F,112500,495985.5,-21202,157585.95,189587.7,3.75,1
101153,0,Cash loans,F,225000,1113840,-14075,60660,41850,1,1
101154,0,Cash loans,F,144000,517536,-21027,96252,120364.5,2.333333333,1
101155,0,Cash loans,M,315000,1288350,-16204,39393.5625,37082.0625,1.75,1
